Amos,Fritz,No,14/09/21
Asa,Dupont,No,14/09/21
Austin,Garrison,Yes,n/a
Blane,Paine,Yes,n/a
Brody,Iles,Yes,n/a
Caine,Rivers,No,14/09/21
Cathal,Wilson,Yes,n/a
Conan,Nunez,Yes,n/a
Damon,Mustafa,No,14/09/21
Ellis,Keeling,No,14/09/21
Erica,Rivers,No,14/09/21
Esther,Armstrong,Yes,n/a
Jazmyn,Goulding,Yes,n/a
Jett,Jackson,Yes,n/a
Korban,Wyatt,Yes,n/a
Lilianna,Healy,Yes,n/a
Marguerite,Sharples,Yes,n/a
Matias,Phelps,Yes,n/a
Matias,Mccann,Yes,n/a
Megan,Clifford,Yes,n/a
Olivier,Spence,Yes,n/a
Ozan,Hutton,Yes,n/a
Rabia,Bailey,Yes,n/a
Reanne,Prince,Yes,n/a
Roseanna,Hewitt,Yes,n/a
Sid,Keith,Yes,n/a
Siena,Lutz,Yes,n/a
Siraj,Chan,Yes,n/a
Stephan,Stewart,Yes,n/a
Vivien,Howarth,No,14/09/21
