Amos,Fritz,Marketing,Python,0001
Asa,Dupont,Support,JavaScript,0002
Austin,Garrison,HR,VisualBasic,0003
Blane,Paine,Support,C++,0004
Brody,Iles,Marketing,Python,0005
Caine,Rivers,Sales,JavaScript,0006
Cathal,Wilson,Purchase,VisualBasic,0007
Conan,Nunez,Support,C++,0008
Damon,Mustafa,Operations,PHP,0009
Ellis,Keeling,HR,Python,0010
Erica,Rivers,Finance,JavaScript,0011
Esther,Armstrong,Purchase,VisualBasic,0012
Jazmyn,Goulding,Marketing,C++,0013
Jett,Jackson,Finance,Python,0014
Korban,Wyatt,Operations,JavaScript,0015
Lilianna,Healy,HR,VisualBasic,0016
Marguerite,Sharples,Sales,C++,0017
Matias,Phelps,Sales,Python,0018
Matias,Mccann,Finance,JavaScript,0019
Megan,Clifford,Purchase,VisualBasic,0020
Olivier,Spence,Purchase,C++,0021
Ozan,Hutton,Operations,PHP,0022
Rabia,Bailey,HR,C++,0023
Reanne,Prince,Operations,Python,0024
Roseanna,Hewitt,Operations,JavaScript,0025
Sid,Keith,Operations,VisualBasic,0026
Siena,Lutz,Finance,Python,0027
Siraj,Chan,Support,PHP,0028
Stephan,Stewart,Sales,VisualBasic,0029
Vivien,Howarth,Marketing,C++,0030
